<?xml version="1.0" encoding="UTF-8"?>
<contents>
<condition name="FIRE">
	<descriptible>
		<nickname>FIRE</nickname>
		<description></description>
		<icon></icon>
		<meta></meta>
	</descriptible>
	<sheet>Instants</sheet>
	<key>49</key>
	<symbol>==</symbol>
	<constant>1</constant>
	<list></list>
</condition>
<condition name="Fall Far">
	<descriptible>
		<nickname>Fall Far</nickname>
		<description></description>
		<icon></icon>
		<meta></meta>
	</descriptible>
	<sheet>Instants</sheet>
	<key>43</key>
	<symbol>&gt;</symbol>
	<constant>25000</constant>
	<list></list>
</condition>
<set name="FIRE">
	<descriptible>
		<nickname>FIRE</nickname>
		<description></description>
		<icon></icon>
		<meta></meta>
	</descriptible>
	<truepart>FIRE</truepart>
</set>
<set name="Fall Far">
	<descriptible>
		<nickname>Fall Far</nickname>
		<description></description>
		<icon></icon>
		<meta></meta>
	</descriptible>
	<truepart>Fall Far</truepart>
</set>
<machine name="FIRE">
	<descriptible>
		<nickname>FIRE</nickname>
		<description></description>
		<icon></icon>
		<meta></meta>
	</descriptible>
	<allow>FIRE</allow>
	<stream>
		<path>newsound/misc/fire.ogg</path>
		<volume>1.0</volume>
		<pitch>1.0</pitch>
		<fadeintime>0.0</fadeintime>
		<fadeouttime>0.0</fadeouttime>
		<delaybeforefadein>0.0</delaybeforefadein>
		<delaybeforefadeout>0.0</delaybeforefadeout>
		<islooping>0</islooping>
		<isusingpause>0</isusingpause>
	</stream>
</machine>
<machine name="Fall Far">
	<descriptible>
		<nickname>Fall Far</nickname>
		<description></description>
		<icon></icon>
		<meta></meta>
	</descriptible>
	<allow>Fall Far</allow>
	<stream>
		<path>newsound/misc/scream.ogg</path>
		<volume>1.0</volume>
		<pitch>1.0</pitch>
		<fadeintime>0.0</fadeintime>
		<fadeouttime>0.0</fadeouttime>
		<delaybeforefadein>0.0</delaybeforefadein>
		<delaybeforefadeout>5.0</delaybeforefadeout>
		<islooping>0</islooping>
		<isusingpause>0</isusingpause>
	</stream>
</machine>
</contents>
