<?xml version="1.0" encoding="UTF-8"?>
<contents>
<list name="burrr X">
	<descriptible>
		<nickname>burrr X</nickname>
		<description></description>
		<icon></icon>
		<meta></meta>
	</descriptible>
	<constant>1025</constant>
</list>
<list name="burrr Y">
	<descriptible>
		<nickname>burrr Y</nickname>
		<description></description>
		<icon></icon>
		<meta></meta>
	</descriptible>
	<constant>104</constant>
	<constant>105</constant>
	<constant>106</constant>
	<constant>107</constant>
</list>
<list name="burrr Z">
	<descriptible>
		<nickname>burrr Z</nickname>
		<description></description>
		<icon></icon>
		<meta></meta>
	</descriptible>
	<constant>787</constant>
</list>
<list name="credits X">
	<descriptible>
		<nickname>credits X</nickname>
		<description></description>
		<icon></icon>
		<meta></meta>
	</descriptible>
	<constant>107</constant>
	<constant>108</constant>
	<constant>109</constant>
</list>
<list name="credits Y">
	<descriptible>
		<nickname>credits Y</nickname>
		<description></description>
		<icon></icon>
		<meta></meta>
	</descriptible>
	<constant>59</constant>
	<constant>60</constant>
	<constant>61</constant>
	<constant>62</constant>
</list>
<list name="credits Z">
	<descriptible>
		<nickname>credits Z</nickname>
		<description></description>
		<icon></icon>
		<meta></meta>
	</descriptible>
	<constant>173</constant>
	<constant>174</constant>
	<constant>175</constant>
</list>
<list name="music_ares X">
	<descriptible>
		<nickname>music_ares X</nickname>
		<description></description>
		<icon></icon>
		<meta></meta>
	</descriptible>
	<constant>-165</constant>
	<constant>-164</constant>
	<constant>-163</constant>
</list>
<list name="music_ares Y">
	<descriptible>
		<nickname>music_ares Y</nickname>
		<description></description>
		<icon></icon>
		<meta></meta>
	</descriptible>
	<constant>90</constant>
	<constant>91</constant>
	<constant>92</constant>
	<constant>93</constant>
	<constant>94</constant>
	<constant>95</constant>
</list>
<list name="music_ares Z">
	<descriptible>
		<nickname>music_ares Z</nickname>
		<description></description>
		<icon></icon>
		<meta></meta>
	</descriptible>
	<constant>115</constant>
	<constant>116</constant>
	<constant>117</constant>
</list>
<list name="portalcavejammer 2 X">
	<descriptible>
		<nickname>portalcavejammer 2 X</nickname>
		<description></description>
		<icon></icon>
		<meta></meta>
	</descriptible>
	<constant>815</constant>
	<constant>816</constant>
	<constant>817</constant>
	<constant>818</constant>
	<constant>819</constant>
	<constant>820</constant>
	<constant>821</constant>
	<constant>822</constant>
	<constant>823</constant>
	<constant>824</constant>
	<constant>825</constant>
	<constant>826</constant>
	<constant>827</constant>
	<constant>828</constant>
	<constant>829</constant>
	<constant>830</constant>
	<constant>831</constant>
	<constant>832</constant>
	<constant>833</constant>
	<constant>834</constant>
	<constant>835</constant>
	<constant>836</constant>
	<constant>837</constant>
</list>
<list name="portalcavejammer 2 Y">
	<descriptible>
		<nickname>portalcavejammer 2 Y</nickname>
		<description></description>
		<icon></icon>
		<meta></meta>
	</descriptible>
	<constant>53</constant>
	<constant>54</constant>
	<constant>55</constant>
	<constant>56</constant>
	<constant>57</constant>
	<constant>58</constant>
	<constant>59</constant>
	<constant>60</constant>
	<constant>61</constant>
	<constant>62</constant>
	<constant>63</constant>
</list>
<list name="portalcavejammer 2 Z">
	<descriptible>
		<nickname>portalcavejammer 2 Z</nickname>
		<description></description>
		<icon></icon>
		<meta></meta>
	</descriptible>
	<constant>731</constant>
	<constant>732</constant>
	<constant>733</constant>
	<constant>734</constant>
	<constant>735</constant>
	<constant>736</constant>
</list>
<condition name="burrr X">
	<descriptible>
		<nickname>burrr X</nickname>
		<description></description>
		<icon></icon>
		<meta></meta>
	</descriptible>
	<sheet>Instants</sheet>
	<key>20</key>
	<symbol>in</symbol>
	<constant>0</constant>
	<list>burrr X</list>
</condition>
<condition name="burrr Y">
	<descriptible>
		<nickname>burrr Y</nickname>
		<description></description>
		<icon></icon>
		<meta></meta>
	</descriptible>
	<sheet>Instants</sheet>
	<key>4</key>
	<symbol>in</symbol>
	<constant>0</constant>
	<list>burrr Y</list>
</condition>
<condition name="burrr Z">
	<descriptible>
		<nickname>burrr Z</nickname>
		<description></description>
		<icon></icon>
		<meta></meta>
	</descriptible>
	<sheet>Instants</sheet>
	<key>21</key>
	<symbol>in</symbol>
	<constant>0</constant>
	<list>burrr Z</list>
</condition>
<condition name="credits X">
	<descriptible>
		<nickname>credits X</nickname>
		<description></description>
		<icon></icon>
		<meta></meta>
	</descriptible>
	<sheet>Instants</sheet>
	<key>20</key>
	<symbol>in</symbol>
	<constant>0</constant>
	<list>credits X</list>
</condition>
<condition name="credits Y">
	<descriptible>
		<nickname>credits Y</nickname>
		<description></description>
		<icon></icon>
		<meta></meta>
	</descriptible>
	<sheet>Instants</sheet>
	<key>4</key>
	<symbol>in</symbol>
	<constant>0</constant>
	<list>credits Y</list>
</condition>
<condition name="credits Z">
	<descriptible>
		<nickname>credits Z</nickname>
		<description></description>
		<icon></icon>
		<meta></meta>
	</descriptible>
	<sheet>Instants</sheet>
	<key>21</key>
	<symbol>in</symbol>
	<constant>0</constant>
	<list>credits Z</list>
</condition>
<condition name="indiana X1">
	<descriptible>
		<nickname>indiana X1</nickname>
		<description></description>
		<icon></icon>
		<meta></meta>
	</descriptible>
	<sheet>Instants</sheet>
	<key>20</key>
	<symbol>&gt;</symbol>
	<constant>393</constant>
	<list></list>
</condition>
<condition name="indiana X2">
	<descriptible>
		<nickname>indiana X2</nickname>
		<description></description>
		<icon></icon>
		<meta></meta>
	</descriptible>
	<sheet>Instants</sheet>
	<key>20</key>
	<symbol>&lt;</symbol>
	<constant>499</constant>
	<list></list>
</condition>
<condition name="indiana Y1">
	<descriptible>
		<nickname>indiana Y1</nickname>
		<description></description>
		<icon></icon>
		<meta></meta>
	</descriptible>
	<sheet>Instants</sheet>
	<key>4</key>
	<symbol>&gt;</symbol>
	<constant>51</constant>
	<list></list>
</condition>
<condition name="indiana Y2">
	<descriptible>
		<nickname>indiana Y2</nickname>
		<description></description>
		<icon></icon>
		<meta></meta>
	</descriptible>
	<sheet>Instants</sheet>
	<key>4</key>
	<symbol>&lt;</symbol>
	<constant>62</constant>
	<list></list>
</condition>
<condition name="indiana Z1">
	<descriptible>
		<nickname>indiana Z1</nickname>
		<description></description>
		<icon></icon>
		<meta></meta>
	</descriptible>
	<sheet>Instants</sheet>
	<key>21</key>
	<symbol>&gt;</symbol>
	<constant>690</constant>
	<list></list>
</condition>
<condition name="indiana Z2">
	<descriptible>
		<nickname>indiana Z2</nickname>
		<description></description>
		<icon></icon>
		<meta></meta>
	</descriptible>
	<sheet>Instants</sheet>
	<key>21</key>
	<symbol>&lt;</symbol>
	<constant>715</constant>
	<list></list>
</condition>
<condition name="jones X1">
	<descriptible>
		<nickname>jones X1</nickname>
		<description></description>
		<icon></icon>
		<meta></meta>
	</descriptible>
	<sheet>Instants</sheet>
	<key>20</key>
	<symbol>&gt;</symbol>
	<constant>489</constant>
	<list></list>
</condition>
<condition name="jones X2">
	<descriptible>
		<nickname>jones X2</nickname>
		<description></description>
		<icon></icon>
		<meta></meta>
	</descriptible>
	<sheet>Instants</sheet>
	<key>20</key>
	<symbol>&lt;</symbol>
	<constant>545</constant>
	<list></list>
</condition>
<condition name="jones Y1">
	<descriptible>
		<nickname>jones Y1</nickname>
		<description></description>
		<icon></icon>
		<meta></meta>
	</descriptible>
	<sheet>Instants</sheet>
	<key>4</key>
	<symbol>&gt;</symbol>
	<constant>42</constant>
	<list></list>
</condition>
<condition name="jones Y2">
	<descriptible>
		<nickname>jones Y2</nickname>
		<description></description>
		<icon></icon>
		<meta></meta>
	</descriptible>
	<sheet>Instants</sheet>
	<key>4</key>
	<symbol>&lt;</symbol>
	<constant>97</constant>
	<list></list>
</condition>
<condition name="jones Z1">
	<descriptible>
		<nickname>jones Z1</nickname>
		<description></description>
		<icon></icon>
		<meta></meta>
	</descriptible>
	<sheet>Instants</sheet>
	<key>21</key>
	<symbol>&gt;</symbol>
	<constant>684</constant>
	<list></list>
</condition>
<condition name="jones Z2">
	<descriptible>
		<nickname>jones Z2</nickname>
		<description></description>
		<icon></icon>
		<meta></meta>
	</descriptible>
	<sheet>Instants</sheet>
	<key>21</key>
	<symbol>&lt;</symbol>
	<constant>729</constant>
	<list></list>
</condition>
<condition name="music_ares X">
	<descriptible>
		<nickname>music_ares X</nickname>
		<description></description>
		<icon></icon>
		<meta></meta>
	</descriptible>
	<sheet>Instants</sheet>
	<key>20</key>
	<symbol>in</symbol>
	<constant>-163</constant>
	<list>music_ares X</list>
</condition>
<condition name="music_ares Y">
	<descriptible>
		<nickname>music_ares Y</nickname>
		<description></description>
		<icon></icon>
		<meta></meta>
	</descriptible>
	<sheet>Instants</sheet>
	<key>4</key>
	<symbol>in</symbol>
	<constant>93</constant>
	<list>music_ares Y</list>
</condition>
<condition name="music_ares Z">
	<descriptible>
		<nickname>music_ares Z</nickname>
		<description></description>
		<icon></icon>
		<meta></meta>
	</descriptible>
	<sheet>Instants</sheet>
	<key>21</key>
	<symbol>in</symbol>
	<constant>116</constant>
	<list>music_ares Z</list>
</condition>
<condition name="portalcave X1">
	<descriptible>
		<nickname>portalcave X1</nickname>
		<description></description>
		<icon></icon>
		<meta></meta>
	</descriptible>
	<sheet>Instants</sheet>
	<key>20</key>
	<symbol>&gt;</symbol>
	<constant>816</constant>
	<list></list>
</condition>
<condition name="portalcave X2">
	<descriptible>
		<nickname>portalcave X2</nickname>
		<description></description>
		<icon></icon>
		<meta></meta>
	</descriptible>
	<sheet>Instants</sheet>
	<key>20</key>
	<symbol>&lt;</symbol>
	<constant>970</constant>
	<list></list>
</condition>
<condition name="portalcave Y1">
	<descriptible>
		<nickname>portalcave Y1</nickname>
		<description></description>
		<icon></icon>
		<meta></meta>
	</descriptible>
	<sheet>Instants</sheet>
	<key>4</key>
	<symbol>&gt;</symbol>
	<constant>27</constant>
	<list></list>
</condition>
<condition name="portalcave Y2">
	<descriptible>
		<nickname>portalcave Y2</nickname>
		<description></description>
		<icon></icon>
		<meta></meta>
	</descriptible>
	<sheet>Instants</sheet>
	<key>4</key>
	<symbol>&lt;</symbol>
	<constant>63</constant>
	<list></list>
</condition>
<condition name="portalcave Z1">
	<descriptible>
		<nickname>portalcave Z1</nickname>
		<description></description>
		<icon></icon>
		<meta></meta>
	</descriptible>
	<sheet>Instants</sheet>
	<key>21</key>
	<symbol>&gt;</symbol>
	<constant>710</constant>
	<list></list>
</condition>
<condition name="portalcave Z2">
	<descriptible>
		<nickname>portalcave Z2</nickname>
		<description></description>
		<icon></icon>
		<meta></meta>
	</descriptible>
	<sheet>Instants</sheet>
	<key>21</key>
	<symbol>&lt;</symbol>
	<constant>855</constant>
	<list></list>
</condition>
<condition name="portalcavejammer 2 X">
	<descriptible>
		<nickname>portalcavejammer 2 X</nickname>
		<description></description>
		<icon></icon>
		<meta></meta>
	</descriptible>
	<sheet>Instants</sheet>
	<key>20</key>
	<symbol>in</symbol>
	<constant>0</constant>
	<list>portalcavejammer 2 X</list>
</condition>
<condition name="portalcavejammer 2 Y">
	<descriptible>
		<nickname>portalcavejammer 2 Y</nickname>
		<description></description>
		<icon></icon>
		<meta></meta>
	</descriptible>
	<sheet>Instants</sheet>
	<key>4</key>
	<symbol>in</symbol>
	<constant>0</constant>
	<list>portalcavejammer 2 Y</list>
</condition>
<condition name="portalcavejammer 2 Z">
	<descriptible>
		<nickname>portalcavejammer 2 Z</nickname>
		<description></description>
		<icon></icon>
		<meta></meta>
	</descriptible>
	<sheet>Instants</sheet>
	<key>21</key>
	<symbol>in</symbol>
	<constant>0</constant>
	<list>portalcavejammer 2 Z</list>
</condition>
<condition name="portalcavejammer X1">
	<descriptible>
		<nickname>portalcavejammer X1</nickname>
		<description></description>
		<icon></icon>
		<meta></meta>
	</descriptible>
	<sheet>Instants</sheet>
	<key>20</key>
	<symbol>&gt;</symbol>
	<constant>960</constant>
	<list></list>
</condition>
<condition name="portalcavejammer X2">
	<descriptible>
		<nickname>portalcavejammer X2</nickname>
		<description></description>
		<icon></icon>
		<meta></meta>
	</descriptible>
	<sheet>Instants</sheet>
	<key>20</key>
	<symbol>&lt;</symbol>
	<constant>971</constant>
	<list></list>
</condition>
<condition name="portalcavejammer Y1">
	<descriptible>
		<nickname>portalcavejammer Y1</nickname>
		<description></description>
		<icon></icon>
		<meta></meta>
	</descriptible>
	<sheet>Instants</sheet>
	<key>4</key>
	<symbol>&gt;</symbol>
	<constant>45</constant>
	<list></list>
</condition>
<condition name="portalcavejammer Y2">
	<descriptible>
		<nickname>portalcavejammer Y2</nickname>
		<description></description>
		<icon></icon>
		<meta></meta>
	</descriptible>
	<sheet>Instants</sheet>
	<key>4</key>
	<symbol>&lt;</symbol>
	<constant>56</constant>
	<list></list>
</condition>
<condition name="portalcavejammer Z1">
	<descriptible>
		<nickname>portalcavejammer Z1</nickname>
		<description></description>
		<icon></icon>
		<meta></meta>
	</descriptible>
	<sheet>Instants</sheet>
	<key>21</key>
	<symbol>&gt;</symbol>
	<constant>811</constant>
	<list></list>
</condition>
<condition name="portalcavejammer Z2">
	<descriptible>
		<nickname>portalcavejammer Z2</nickname>
		<description></description>
		<icon></icon>
		<meta></meta>
	</descriptible>
	<sheet>Instants</sheet>
	<key>21</key>
	<symbol>&lt;</symbol>
	<constant>846</constant>
	<list></list>
</condition>
<set name="burrr">
	<descriptible>
		<nickname>burrr</nickname>
		<description></description>
		<icon></icon>
		<meta></meta>
	</descriptible>
	<truepart>burrr Z</truepart>
	<truepart>burrr Y</truepart>
	<truepart>burrr X</truepart>
</set>
<set name="credits">
	<descriptible>
		<nickname>credits</nickname>
		<description></description>
		<icon></icon>
		<meta></meta>
	</descriptible>
	<truepart>credits X</truepart>
	<truepart>credits Y</truepart>
	<truepart>credits Z</truepart>
</set>
<set name="indiana">
	<descriptible>
		<nickname>indiana</nickname>
		<description></description>
		<icon></icon>
		<meta></meta>
	</descriptible>
	<truepart>indiana X1</truepart>
	<truepart>indiana Y1</truepart>
	<truepart>indiana Y2</truepart>
	<truepart>indiana Z2</truepart>
	<truepart>indiana Z1</truepart>
	<truepart>indiana X2</truepart>
</set>
<set name="jones">
	<descriptible>
		<nickname>jones</nickname>
		<description></description>
		<icon></icon>
		<meta></meta>
	</descriptible>
	<truepart>jones X1</truepart>
	<truepart>jones X2</truepart>
	<truepart>jones Z2</truepart>
	<truepart>jones Z1</truepart>
	<truepart>jones Y2</truepart>
	<truepart>jones Y1</truepart>
</set>
<set name="music_ares">
	<descriptible>
		<nickname>music_ares</nickname>
		<description></description>
		<icon></icon>
		<meta></meta>
	</descriptible>
	<truepart>music_ares Y</truepart>
	<truepart>music_ares Z</truepart>
	<truepart>music_ares X</truepart>
</set>
<set name="portalcave">
	<descriptible>
		<nickname>portalcave</nickname>
		<description></description>
		<icon></icon>
		<meta></meta>
	</descriptible>
	<truepart>portalcave Z2</truepart>
	<truepart>portalcave X2</truepart>
	<truepart>portalcave Z1</truepart>
	<truepart>portalcave X1</truepart>
	<truepart>portalcave Y2</truepart>
	<truepart>portalcave Y1</truepart>
</set>
<set name="portalcavejammer">
	<descriptible>
		<nickname>portalcavejammer</nickname>
		<description></description>
		<icon></icon>
		<meta></meta>
	</descriptible>
	<truepart>portalcavejammer Y1</truepart>
	<truepart>portalcavejammer X1</truepart>
	<truepart>portalcavejammer X2</truepart>
	<truepart>portalcavejammer Z1</truepart>
	<truepart>portalcavejammer Y2</truepart>
	<truepart>portalcavejammer Z2</truepart>
</set>
<set name="portalcavejammer 2">
	<descriptible>
		<nickname>portalcavejammer 2</nickname>
		<description></description>
		<icon></icon>
		<meta></meta>
	</descriptible>
	<truepart>portalcavejammer 2 Y</truepart>
	<truepart>portalcavejammer 2 Z</truepart>
	<truepart>portalcavejammer 2 X</truepart>
</set>
<machine name="burrr">
	<descriptible>
		<nickname>burrr</nickname>
		<description></description>
		<icon></icon>
		<meta></meta>
	</descriptible>
	<allow>burrr</allow>
	<stream>
		<path>newsound/voxelmusic/testuflushLS.ogg</path>
		<volume>1.0</volume>
		<pitch>1.0</pitch>
		<fadeintime>0.0</fadeintime>
		<fadeouttime>0.0</fadeouttime>
		<delaybeforefadein>0.0</delaybeforefadein>
		<delaybeforefadeout>30.0</delaybeforefadeout>
		<islooping>0</islooping>
		<isusingpause>0</isusingpause>
	</stream>
</machine>
<machine name="credits">
	<descriptible>
		<nickname>credits</nickname>
		<description></description>
		<icon></icon>
		<meta></meta>
	</descriptible>
	<allow>credits</allow>
	<stream>
		<path>newsound/voxelmusic/VoxelCredits.ogg</path>
		<volume>0.0</volume>
		<pitch>1.0</pitch>
		<fadeintime>0.0</fadeintime>
		<fadeouttime>0.1</fadeouttime>
		<delaybeforefadein>0.0</delaybeforefadein>
		<delaybeforefadeout>130.0</delaybeforefadeout>
		<islooping>0</islooping>
		<isusingpause>0</isusingpause>
	</stream>
</machine>
<machine name="indiana jones">
	<descriptible>
		<nickname>indiana jones</nickname>
		<description></description>
		<icon></icon>
		<meta></meta>
	</descriptible>
	<allow>jones</allow>
	<allow>indiana</allow>
	<stream>
		<path>newsound/voxelmusic/VoxelJonesBETTER.ogg</path>
		<volume>0.0</volume>
		<pitch>1.0</pitch>
		<fadeintime>0.0</fadeintime>
		<fadeouttime>0.0</fadeouttime>
		<delaybeforefadein>0.0</delaybeforefadein>
		<delaybeforefadeout>0.0</delaybeforefadeout>
		<islooping>1</islooping>
		<isusingpause>0</isusingpause>
	</stream>
</machine>
<machine name="music_ares">
	<descriptible>
		<nickname>music_ares</nickname>
		<description></description>
		<icon></icon>
		<meta></meta>
	</descriptible>
	<allow>music_ares</allow>
	<stream>
		<path>newsound/voxelmusic/ares2.ogg</path>
		<volume>0.0</volume>
		<pitch>1.0</pitch>
		<fadeintime>0.0</fadeintime>
		<fadeouttime>15.0</fadeouttime>
		<delaybeforefadein>0.0</delaybeforefadein>
		<delaybeforefadeout>140.0</delaybeforefadeout>
		<islooping>0</islooping>
		<isusingpause>0</isusingpause>
	</stream>
</machine>
<machine name="portalcave">
	<descriptible>
		<nickname>portalcave</nickname>
		<description></description>
		<icon></icon>
		<meta></meta>
	</descriptible>
	<allow>portalcave</allow>
	<restrict>portalcavejammer</restrict>
	<restrict>portalcavejammer 2</restrict>
</machine>
</contents>
