<?xml version="1.0" encoding="UTF-8"?>
<contents>
<condition name="Current held item is a Map">
	<descriptible>
		<nickname>Current held item is a Map</nickname>
		<description></description>
		<icon></icon>
		<meta></meta>
	</descriptible>
	<sheet>Instants</sheet>
	<key>32</key>
	<symbol>==</symbol>
	<constant>358</constant>
	<list></list>
</condition>
<condition name="map_01">
	<descriptible>
		<nickname>map_01</nickname>
		<description></description>
		<icon></icon>
		<meta></meta>
	</descriptible>
	<sheet>Instants</sheet>
	<key>62</key>
	<symbol>==</symbol>
	<constant>1</constant>
	<list></list>
</condition>
<condition name="map_02">
	<descriptible>
		<nickname>map_02</nickname>
		<description></description>
		<icon></icon>
		<meta></meta>
	</descriptible>
	<sheet>Instants</sheet>
	<key>62</key>
	<symbol>==</symbol>
	<constant>2</constant>
	<list></list>
</condition>
<condition name="map_03">
	<descriptible>
		<nickname>map_03</nickname>
		<description></description>
		<icon></icon>
		<meta></meta>
	</descriptible>
	<sheet>Instants</sheet>
	<key>62</key>
	<symbol>==</symbol>
	<constant>3</constant>
	<list></list>
</condition>
<condition name="map_05">
	<descriptible>
		<nickname>map_05</nickname>
		<description></description>
		<icon></icon>
		<meta></meta>
	</descriptible>
	<sheet>Instants</sheet>
	<key>62</key>
	<symbol>==</symbol>
	<constant>5</constant>
	<list></list>
</condition>
<condition name="map_06">
	<descriptible>
		<nickname>map_06</nickname>
		<description></description>
		<icon></icon>
		<meta></meta>
	</descriptible>
	<sheet>Instants</sheet>
	<key>62</key>
	<symbol>==</symbol>
	<constant>6</constant>
	<list></list>
</condition>
<condition name="map_07">
	<descriptible>
		<nickname>map_07</nickname>
		<description></description>
		<icon></icon>
		<meta></meta>
	</descriptible>
	<sheet>Instants</sheet>
	<key>62</key>
	<symbol>==</symbol>
	<constant>7</constant>
	<list></list>
</condition>
<condition name="map_23">
	<descriptible>
		<nickname>map_23</nickname>
		<description></description>
		<icon></icon>
		<meta></meta>
	</descriptible>
	<sheet>Instants</sheet>
	<key>62</key>
	<symbol>==</symbol>
	<constant>23</constant>
	<list></list>
</condition>
<condition name="map_26">
	<descriptible>
		<nickname>map_26</nickname>
		<description></description>
		<icon></icon>
		<meta></meta>
	</descriptible>
	<sheet>Instants</sheet>
	<key>62</key>
	<symbol>==</symbol>
	<constant>26</constant>
	<list></list>
</condition>
<condition name="map_27">
	<descriptible>
		<nickname>map_27</nickname>
		<description></description>
		<icon></icon>
		<meta></meta>
	</descriptible>
	<sheet>Instants</sheet>
	<key>62</key>
	<symbol>==</symbol>
	<constant>27</constant>
	<list></list>
</condition>
<condition name="map_28">
	<descriptible>
		<nickname>map_28</nickname>
		<description></description>
		<icon></icon>
		<meta></meta>
	</descriptible>
	<sheet>Instants</sheet>
	<key>62</key>
	<symbol>==</symbol>
	<constant>28</constant>
	<list></list>
</condition>
<condition name="map_29">
	<descriptible>
		<nickname>map_29</nickname>
		<description></description>
		<icon></icon>
		<meta></meta>
	</descriptible>
	<sheet>Instants</sheet>
	<key>62</key>
	<symbol>==</symbol>
	<constant>29</constant>
	<list></list>
</condition>
<condition name="map_30">
	<descriptible>
		<nickname>map_30</nickname>
		<description></description>
		<icon></icon>
		<meta></meta>
	</descriptible>
	<sheet>Instants</sheet>
	<key>62</key>
	<symbol>==</symbol>
	<constant>30</constant>
	<list></list>
</condition>
<condition name="map_31">
	<descriptible>
		<nickname>map_31</nickname>
		<description></description>
		<icon></icon>
		<meta></meta>
	</descriptible>
	<sheet>Instants</sheet>
	<key>62</key>
	<symbol>==</symbol>
	<constant>31</constant>
	<list></list>
</condition>
<condition name="map_32">
	<descriptible>
		<nickname>map_32</nickname>
		<description></description>
		<icon></icon>
		<meta></meta>
	</descriptible>
	<sheet>Instants</sheet>
	<key>62</key>
	<symbol>==</symbol>
	<constant>32</constant>
	<list></list>
</condition>
<condition name="map_33">
	<descriptible>
		<nickname>map_33</nickname>
		<description></description>
		<icon></icon>
		<meta></meta>
	</descriptible>
	<sheet>Instants</sheet>
	<key>62</key>
	<symbol>==</symbol>
	<constant>33</constant>
	<list></list>
</condition>
<condition name="map_34">
	<descriptible>
		<nickname>map_34</nickname>
		<description></description>
		<icon></icon>
		<meta></meta>
	</descriptible>
	<sheet>Instants</sheet>
	<key>62</key>
	<symbol>==</symbol>
	<constant>34</constant>
	<list></list>
</condition>
<condition name="map_35">
	<descriptible>
		<nickname>map_35</nickname>
		<description></description>
		<icon></icon>
		<meta></meta>
	</descriptible>
	<sheet>Instants</sheet>
	<key>62</key>
	<symbol>==</symbol>
	<constant>35</constant>
	<list></list>
</condition>
<condition name="map_36">
	<descriptible>
		<nickname>map_36</nickname>
		<description></description>
		<icon></icon>
		<meta></meta>
	</descriptible>
	<sheet>Instants</sheet>
	<key>62</key>
	<symbol>==</symbol>
	<constant>36</constant>
	<list></list>
</condition>
<condition name="map_37">
	<descriptible>
		<nickname>map_37</nickname>
		<description></description>
		<icon></icon>
		<meta></meta>
	</descriptible>
	<sheet>Instants</sheet>
	<key>62</key>
	<symbol>==</symbol>
	<constant>37</constant>
	<list></list>
</condition>
<condition name="map_38">
	<descriptible>
		<nickname>map_38</nickname>
		<description></description>
		<icon></icon>
		<meta></meta>
	</descriptible>
	<sheet>Instants</sheet>
	<key>62</key>
	<symbol>==</symbol>
	<constant>38</constant>
	<list></list>
</condition>
<condition name="map_39">
	<descriptible>
		<nickname>map_39</nickname>
		<description></description>
		<icon></icon>
		<meta></meta>
	</descriptible>
	<sheet>Instants</sheet>
	<key>62</key>
	<symbol>==</symbol>
	<constant>39</constant>
	<list></list>
</condition>
<condition name="map_41">
	<descriptible>
		<nickname>map_41</nickname>
		<description></description>
		<icon></icon>
		<meta></meta>
	</descriptible>
	<sheet>Instants</sheet>
	<key>62</key>
	<symbol>==</symbol>
	<constant>41</constant>
	<list></list>
</condition>
<condition name="map_43">
	<descriptible>
		<nickname>map_43</nickname>
		<description></description>
		<icon></icon>
		<meta></meta>
	</descriptible>
	<sheet>Instants</sheet>
	<key>62</key>
	<symbol>==</symbol>
	<constant>43</constant>
	<list></list>
</condition>
<condition name="map_44">
	<descriptible>
		<nickname>map_44</nickname>
		<description></description>
		<icon></icon>
		<meta></meta>
	</descriptible>
	<sheet>Instants</sheet>
	<key>62</key>
	<symbol>==</symbol>
	<constant>44</constant>
	<list></list>
</condition>
<condition name="map_45">
	<descriptible>
		<nickname>map_45</nickname>
		<description></description>
		<icon></icon>
		<meta></meta>
	</descriptible>
	<sheet>Instants</sheet>
	<key>62</key>
	<symbol>==</symbol>
	<constant>45</constant>
	<list></list>
</condition>
<condition name="map_46">
	<descriptible>
		<nickname>map_46</nickname>
		<description></description>
		<icon></icon>
		<meta></meta>
	</descriptible>
	<sheet>Instants</sheet>
	<key>62</key>
	<symbol>==</symbol>
	<constant>46</constant>
	<list></list>
</condition>
<condition name="map_47">
	<descriptible>
		<nickname>map_47</nickname>
		<description></description>
		<icon></icon>
		<meta></meta>
	</descriptible>
	<sheet>Instants</sheet>
	<key>62</key>
	<symbol>==</symbol>
	<constant>47</constant>
	<list></list>
</condition>
<condition name="map_48">
	<descriptible>
		<nickname>map_48</nickname>
		<description></description>
		<icon></icon>
		<meta></meta>
	</descriptible>
	<sheet>Instants</sheet>
	<key>62</key>
	<symbol>==</symbol>
	<constant>48</constant>
	<list></list>
</condition>
<condition name="map_49">
	<descriptible>
		<nickname>map_49</nickname>
		<description></description>
		<icon></icon>
		<meta></meta>
	</descriptible>
	<sheet>Instants</sheet>
	<key>62</key>
	<symbol>==</symbol>
	<constant>49</constant>
	<list></list>
</condition>
<condition name="map_50">
	<descriptible>
		<nickname>map_50</nickname>
		<description></description>
		<icon></icon>
		<meta></meta>
	</descriptible>
	<sheet>Instants</sheet>
	<key>62</key>
	<symbol>==</symbol>
	<constant>50</constant>
	<list></list>
</condition>
<condition name="map_51">
	<descriptible>
		<nickname>map_51</nickname>
		<description></description>
		<icon></icon>
		<meta></meta>
	</descriptible>
	<sheet>Instants</sheet>
	<key>62</key>
	<symbol>==</symbol>
	<constant>51</constant>
	<list></list>
</condition>
<condition name="map_52">
	<descriptible>
		<nickname>map_52</nickname>
		<description></description>
		<icon></icon>
		<meta></meta>
	</descriptible>
	<sheet>Instants</sheet>
	<key>62</key>
	<symbol>==</symbol>
	<constant>52</constant>
	<list></list>
</condition>
<condition name="map_53">
	<descriptible>
		<nickname>map_53</nickname>
		<description></description>
		<icon></icon>
		<meta></meta>
	</descriptible>
	<sheet>Instants</sheet>
	<key>62</key>
	<symbol>==</symbol>
	<constant>53</constant>
	<list></list>
</condition>
<set name="map_01">
	<descriptible>
		<nickname>map_01</nickname>
		<description></description>
		<icon></icon>
		<meta></meta>
	</descriptible>
	<truepart>Current held item is a Map</truepart>
	<truepart>map_01</truepart>
</set>
<set name="map_02">
	<descriptible>
		<nickname>map_02</nickname>
		<description></description>
		<icon></icon>
		<meta></meta>
	</descriptible>
	<truepart>Current held item is a Map</truepart>
	<truepart>map_02</truepart>
</set>
<set name="map_03">
	<descriptible>
		<nickname>map_03</nickname>
		<description></description>
		<icon></icon>
		<meta></meta>
	</descriptible>
	<truepart>Current held item is a Map</truepart>
	<truepart>map_03</truepart>
</set>
<set name="map_05">
	<descriptible>
		<nickname>map_05</nickname>
		<description></description>
		<icon></icon>
		<meta></meta>
	</descriptible>
	<truepart>Current held item is a Map</truepart>
	<truepart>map_05</truepart>
</set>
<set name="map_06">
	<descriptible>
		<nickname>map_06</nickname>
		<description></description>
		<icon></icon>
		<meta></meta>
	</descriptible>
	<truepart>Current held item is a Map</truepart>
	<truepart>map_06</truepart>
</set>
<set name="map_07">
	<descriptible>
		<nickname>map_07</nickname>
		<description></description>
		<icon></icon>
		<meta></meta>
	</descriptible>
	<truepart>map_07</truepart>
	<truepart>Current held item is a Map</truepart>
</set>
<set name="map_23">
	<descriptible>
		<nickname>map_23</nickname>
		<description></description>
		<icon></icon>
		<meta></meta>
	</descriptible>
	<truepart>Current held item is a Map</truepart>
	<truepart>map_23</truepart>
</set>
<set name="map_26">
	<descriptible>
		<nickname>map_26</nickname>
		<description></description>
		<icon></icon>
		<meta></meta>
	</descriptible>
	<truepart>Current held item is a Map</truepart>
	<truepart>map_26</truepart>
</set>
<set name="map_27">
	<descriptible>
		<nickname>map_27</nickname>
		<description></description>
		<icon></icon>
		<meta></meta>
	</descriptible>
	<truepart>Current held item is a Map</truepart>
	<truepart>map_27</truepart>
</set>
<set name="map_28">
	<descriptible>
		<nickname>map_28</nickname>
		<description></description>
		<icon></icon>
		<meta></meta>
	</descriptible>
	<truepart>Current held item is a Map</truepart>
	<truepart>map_28</truepart>
</set>
<set name="map_29">
	<descriptible>
		<nickname>map_29</nickname>
		<description></description>
		<icon></icon>
		<meta></meta>
	</descriptible>
	<truepart>Current held item is a Map</truepart>
	<truepart>map_29</truepart>
</set>
<set name="map_30">
	<descriptible>
		<nickname>map_30</nickname>
		<description></description>
		<icon></icon>
		<meta></meta>
	</descriptible>
	<truepart>Current held item is a Map</truepart>
	<truepart>map_30</truepart>
</set>
<set name="map_31">
	<descriptible>
		<nickname>map_31</nickname>
		<description></description>
		<icon></icon>
		<meta></meta>
	</descriptible>
	<truepart>Current held item is a Map</truepart>
	<truepart>map_31</truepart>
</set>
<set name="map_32">
	<descriptible>
		<nickname>map_32</nickname>
		<description></description>
		<icon></icon>
		<meta></meta>
	</descriptible>
	<truepart>Current held item is a Map</truepart>
	<truepart>map_32</truepart>
</set>
<set name="map_33">
	<descriptible>
		<nickname>map_33</nickname>
		<description></description>
		<icon></icon>
		<meta></meta>
	</descriptible>
	<truepart>Current held item is a Map</truepart>
	<truepart>map_33</truepart>
</set>
<set name="map_34">
	<descriptible>
		<nickname>map_34</nickname>
		<description></description>
		<icon></icon>
		<meta></meta>
	</descriptible>
	<truepart>Current held item is a Map</truepart>
	<truepart>map_34</truepart>
</set>
<set name="map_35">
	<descriptible>
		<nickname>map_35</nickname>
		<description></description>
		<icon></icon>
		<meta></meta>
	</descriptible>
	<truepart>Current held item is a Map</truepart>
	<truepart>map_35</truepart>
</set>
<set name="map_36">
	<descriptible>
		<nickname>map_36</nickname>
		<description></description>
		<icon></icon>
		<meta></meta>
	</descriptible>
	<truepart>Current held item is a Map</truepart>
	<truepart>map_36</truepart>
</set>
<set name="map_37">
	<descriptible>
		<nickname>map_37</nickname>
		<description></description>
		<icon></icon>
		<meta></meta>
	</descriptible>
	<truepart>Current held item is a Map</truepart>
	<truepart>map_37</truepart>
</set>
<set name="map_38">
	<descriptible>
		<nickname>map_38</nickname>
		<description></description>
		<icon></icon>
		<meta></meta>
	</descriptible>
	<truepart>Current held item is a Map</truepart>
	<truepart>map_38</truepart>
</set>
<set name="map_39">
	<descriptible>
		<nickname>map_39</nickname>
		<description></description>
		<icon></icon>
		<meta></meta>
	</descriptible>
	<truepart>Current held item is a Map</truepart>
	<truepart>map_39</truepart>
</set>
<set name="map_41">
	<descriptible>
		<nickname>map_41</nickname>
		<description></description>
		<icon></icon>
		<meta></meta>
	</descriptible>
	<truepart>Current held item is a Map</truepart>
	<truepart>map_41</truepart>
</set>
<set name="map_43">
	<descriptible>
		<nickname>map_43</nickname>
		<description></description>
		<icon></icon>
		<meta></meta>
	</descriptible>
	<truepart>Current held item is a Map</truepart>
	<truepart>map_43</truepart>
</set>
<set name="map_44">
	<descriptible>
		<nickname>map_44</nickname>
		<description></description>
		<icon></icon>
		<meta></meta>
	</descriptible>
	<truepart>Current held item is a Map</truepart>
	<truepart>map_44</truepart>
</set>
<set name="map_45">
	<descriptible>
		<nickname>map_45</nickname>
		<description></description>
		<icon></icon>
		<meta></meta>
	</descriptible>
	<truepart>Current held item is a Map</truepart>
	<truepart>map_45</truepart>
</set>
<set name="map_46">
	<descriptible>
		<nickname>map_46</nickname>
		<description></description>
		<icon></icon>
		<meta></meta>
	</descriptible>
	<truepart>Current held item is a Map</truepart>
	<truepart>map_46</truepart>
</set>
<set name="map_47">
	<descriptible>
		<nickname>map_47</nickname>
		<description></description>
		<icon></icon>
		<meta></meta>
	</descriptible>
	<truepart>Current held item is a Map</truepart>
	<truepart>map_47</truepart>
</set>
<set name="map_48">
	<descriptible>
		<nickname>map_48</nickname>
		<description></description>
		<icon></icon>
		<meta></meta>
	</descriptible>
	<truepart>Current held item is a Map</truepart>
	<truepart>map_48</truepart>
</set>
<set name="map_49">
	<descriptible>
		<nickname>map_49</nickname>
		<description></description>
		<icon></icon>
		<meta></meta>
	</descriptible>
	<truepart>map_49</truepart>
	<truepart>Current held item is a Map</truepart>
</set>
<set name="map_50">
	<descriptible>
		<nickname>map_50</nickname>
		<description></description>
		<icon></icon>
		<meta></meta>
	</descriptible>
	<truepart>Current held item is a Map</truepart>
	<truepart>map_50</truepart>
</set>
<set name="map_51">
	<descriptible>
		<nickname>map_51</nickname>
		<description></description>
		<icon></icon>
		<meta></meta>
	</descriptible>
	<truepart>Current held item is a Map</truepart>
	<truepart>map_51</truepart>
</set>
<set name="map_52">
	<descriptible>
		<nickname>map_52</nickname>
		<description></description>
		<icon></icon>
		<meta></meta>
	</descriptible>
	<truepart>Current held item is a Map</truepart>
	<truepart>map_52</truepart>
</set>
<set name="map_53">
	<descriptible>
		<nickname>map_53</nickname>
		<description></description>
		<icon></icon>
		<meta></meta>
	</descriptible>
	<truepart>Current held item is a Map</truepart>
	<truepart>map_53</truepart>
</set>
<machine name="map_01">
	<descriptible>
		<nickname>map_01</nickname>
		<description></description>
		<icon></icon>
		<meta></meta>
	</descriptible>
	<allow>map_01</allow>
	<stream>
		<path>newsound/voice/one.ogg</path>
		<volume>1.0</volume>
		<pitch>1.0</pitch>
		<fadeintime>0.0</fadeintime>
		<fadeouttime>0.0</fadeouttime>
		<delaybeforefadein>0.0</delaybeforefadein>
		<delaybeforefadeout>0.0</delaybeforefadeout>
		<islooping>0</islooping>
		<isusingpause>0</isusingpause>
	</stream>
</machine>
<machine name="map_02">
	<descriptible>
		<nickname>map_02</nickname>
		<description></description>
		<icon></icon>
		<meta></meta>
	</descriptible>
	<allow>map_02</allow>
	<stream>
		<path>newsound/voice/two.ogg</path>
		<volume>1.0</volume>
		<pitch>1.0</pitch>
		<fadeintime>0.0</fadeintime>
		<fadeouttime>0.0</fadeouttime>
		<delaybeforefadein>0.0</delaybeforefadein>
		<delaybeforefadeout>0.0</delaybeforefadeout>
		<islooping>0</islooping>
		<isusingpause>0</isusingpause>
	</stream>
</machine>
<machine name="map_03">
	<descriptible>
		<nickname>map_03</nickname>
		<description></description>
		<icon></icon>
		<meta></meta>
	</descriptible>
	<allow>map_03</allow>
	<stream>
		<path>newsound/voice/three.ogg</path>
		<volume>1.0</volume>
		<pitch>1.0</pitch>
		<fadeintime>0.0</fadeintime>
		<fadeouttime>0.0</fadeouttime>
		<delaybeforefadein>0.0</delaybeforefadein>
		<delaybeforefadeout>0.0</delaybeforefadeout>
		<islooping>0</islooping>
		<isusingpause>0</isusingpause>
	</stream>
</machine>
<machine name="map_05">
	<descriptible>
		<nickname>map_05</nickname>
		<description></description>
		<icon></icon>
		<meta></meta>
	</descriptible>
	<allow>map_05</allow>
	<stream>
		<path>newsound/voice/five.ogg</path>
		<volume>1.0</volume>
		<pitch>1.0</pitch>
		<fadeintime>0.0</fadeintime>
		<fadeouttime>0.0</fadeouttime>
		<delaybeforefadein>0.0</delaybeforefadein>
		<delaybeforefadeout>0.0</delaybeforefadeout>
		<islooping>0</islooping>
		<isusingpause>0</isusingpause>
	</stream>
</machine>
<machine name="map_06">
	<descriptible>
		<nickname>map_06</nickname>
		<description></description>
		<icon></icon>
		<meta></meta>
	</descriptible>
	<allow>map_06</allow>
	<stream>
		<path>newsound/voice/six.ogg</path>
		<volume>1.0</volume>
		<pitch>1.0</pitch>
		<fadeintime>0.0</fadeintime>
		<fadeouttime>0.0</fadeouttime>
		<delaybeforefadein>0.0</delaybeforefadein>
		<delaybeforefadeout>0.0</delaybeforefadeout>
		<islooping>0</islooping>
		<isusingpause>0</isusingpause>
	</stream>
</machine>
<machine name="map_07">
	<descriptible>
		<nickname>map_07</nickname>
		<description></description>
		<icon></icon>
		<meta></meta>
	</descriptible>
	<allow>map_07</allow>
	<stream>
		<path>newsound/voice/seven.ogg</path>
		<volume>1.0</volume>
		<pitch>1.0</pitch>
		<fadeintime>0.0</fadeintime>
		<fadeouttime>0.0</fadeouttime>
		<delaybeforefadein>0.0</delaybeforefadein>
		<delaybeforefadeout>0.0</delaybeforefadeout>
		<islooping>0</islooping>
		<isusingpause>0</isusingpause>
	</stream>
</machine>
<machine name="map_23">
	<descriptible>
		<nickname>map_23</nickname>
		<description></description>
		<icon></icon>
		<meta></meta>
	</descriptible>
	<allow>map_23</allow>
	<stream>
		<path>newsound/voice/twentythree.ogg</path>
		<volume>1.0</volume>
		<pitch>1.0</pitch>
		<fadeintime>0.0</fadeintime>
		<fadeouttime>0.0</fadeouttime>
		<delaybeforefadein>0.0</delaybeforefadein>
		<delaybeforefadeout>0.0</delaybeforefadeout>
		<islooping>0</islooping>
		<isusingpause>0</isusingpause>
	</stream>
</machine>
<machine name="map_26">
	<descriptible>
		<nickname>map_26</nickname>
		<description></description>
		<icon></icon>
		<meta></meta>
	</descriptible>
	<allow>map_26</allow>
	<stream>
		<path>newsound/voice/twentysix.ogg</path>
		<volume>1.0</volume>
		<pitch>1.0</pitch>
		<fadeintime>0.0</fadeintime>
		<fadeouttime>0.0</fadeouttime>
		<delaybeforefadein>0.0</delaybeforefadein>
		<delaybeforefadeout>0.0</delaybeforefadeout>
		<islooping>0</islooping>
		<isusingpause>0</isusingpause>
	</stream>
</machine>
<machine name="map_27">
	<descriptible>
		<nickname>map_27</nickname>
		<description></description>
		<icon></icon>
		<meta></meta>
	</descriptible>
	<allow>map_27</allow>
	<stream>
		<path>newsound/voice/twentyseven.ogg</path>
		<volume>1.0</volume>
		<pitch>1.0</pitch>
		<fadeintime>0.0</fadeintime>
		<fadeouttime>0.0</fadeouttime>
		<delaybeforefadein>0.0</delaybeforefadein>
		<delaybeforefadeout>0.0</delaybeforefadeout>
		<islooping>0</islooping>
		<isusingpause>0</isusingpause>
	</stream>
</machine>
<machine name="map_28">
	<descriptible>
		<nickname>map_28</nickname>
		<description></description>
		<icon></icon>
		<meta></meta>
	</descriptible>
	<allow>map_28</allow>
	<stream>
		<path>newsound/voice/twentyeight.ogg</path>
		<volume>1.0</volume>
		<pitch>1.0</pitch>
		<fadeintime>0.0</fadeintime>
		<fadeouttime>0.0</fadeouttime>
		<delaybeforefadein>0.0</delaybeforefadein>
		<delaybeforefadeout>0.0</delaybeforefadeout>
		<islooping>0</islooping>
		<isusingpause>0</isusingpause>
	</stream>
</machine>
<machine name="map_29">
	<descriptible>
		<nickname>map_29</nickname>
		<description></description>
		<icon></icon>
		<meta></meta>
	</descriptible>
	<allow>map_29</allow>
	<stream>
		<path>newsound/voice/twentynine.ogg</path>
		<volume>1.0</volume>
		<pitch>1.0</pitch>
		<fadeintime>0.0</fadeintime>
		<fadeouttime>0.0</fadeouttime>
		<delaybeforefadein>0.0</delaybeforefadein>
		<delaybeforefadeout>0.0</delaybeforefadeout>
		<islooping>0</islooping>
		<isusingpause>0</isusingpause>
	</stream>
</machine>
<machine name="map_30">
	<descriptible>
		<nickname>map_30</nickname>
		<description></description>
		<icon></icon>
		<meta></meta>
	</descriptible>
	<allow>map_30</allow>
	<stream>
		<path>newsound/voice/thirty.ogg</path>
		<volume>1.0</volume>
		<pitch>1.0</pitch>
		<fadeintime>0.0</fadeintime>
		<fadeouttime>0.0</fadeouttime>
		<delaybeforefadein>0.0</delaybeforefadein>
		<delaybeforefadeout>0.0</delaybeforefadeout>
		<islooping>0</islooping>
		<isusingpause>0</isusingpause>
	</stream>
</machine>
<machine name="map_31">
	<descriptible>
		<nickname>map_31</nickname>
		<description></description>
		<icon></icon>
		<meta></meta>
	</descriptible>
	<allow>map_31</allow>
	<stream>
		<path>newsound/voice/thirtyone.ogg</path>
		<volume>1.0</volume>
		<pitch>1.0</pitch>
		<fadeintime>0.0</fadeintime>
		<fadeouttime>0.0</fadeouttime>
		<delaybeforefadein>0.0</delaybeforefadein>
		<delaybeforefadeout>0.0</delaybeforefadeout>
		<islooping>0</islooping>
		<isusingpause>0</isusingpause>
	</stream>
</machine>
<machine name="map_32">
	<descriptible>
		<nickname>map_32</nickname>
		<description></description>
		<icon></icon>
		<meta></meta>
	</descriptible>
	<allow>map_32</allow>
	<stream>
		<path>newsound/voice/thirtytwo.ogg</path>
		<volume>1.0</volume>
		<pitch>1.0</pitch>
		<fadeintime>0.0</fadeintime>
		<fadeouttime>0.0</fadeouttime>
		<delaybeforefadein>0.0</delaybeforefadein>
		<delaybeforefadeout>0.0</delaybeforefadeout>
		<islooping>0</islooping>
		<isusingpause>0</isusingpause>
	</stream>
</machine>
<machine name="map_33">
	<descriptible>
		<nickname>map_33</nickname>
		<description></description>
		<icon></icon>
		<meta></meta>
	</descriptible>
	<allow>map_33</allow>
	<stream>
		<path>newsound/voice/thirtythree.ogg</path>
		<volume>1.0</volume>
		<pitch>1.0</pitch>
		<fadeintime>0.0</fadeintime>
		<fadeouttime>0.0</fadeouttime>
		<delaybeforefadein>0.0</delaybeforefadein>
		<delaybeforefadeout>0.0</delaybeforefadeout>
		<islooping>0</islooping>
		<isusingpause>0</isusingpause>
	</stream>
</machine>
<machine name="map_34">
	<descriptible>
		<nickname>map_34</nickname>
		<description></description>
		<icon></icon>
		<meta></meta>
	</descriptible>
	<allow>map_34</allow>
	<stream>
		<path>newsound/voice/thirtyfour.ogg</path>
		<volume>1.0</volume>
		<pitch>1.0</pitch>
		<fadeintime>0.0</fadeintime>
		<fadeouttime>0.0</fadeouttime>
		<delaybeforefadein>0.0</delaybeforefadein>
		<delaybeforefadeout>0.0</delaybeforefadeout>
		<islooping>0</islooping>
		<isusingpause>0</isusingpause>
	</stream>
</machine>
<machine name="map_35">
	<descriptible>
		<nickname>map_35</nickname>
		<description></description>
		<icon></icon>
		<meta></meta>
	</descriptible>
	<allow>map_35</allow>
	<stream>
		<path>newsound/voice/thrityfive.ogg</path>
		<volume>1.0</volume>
		<pitch>1.0</pitch>
		<fadeintime>0.0</fadeintime>
		<fadeouttime>0.0</fadeouttime>
		<delaybeforefadein>0.0</delaybeforefadein>
		<delaybeforefadeout>0.0</delaybeforefadeout>
		<islooping>0</islooping>
		<isusingpause>0</isusingpause>
	</stream>
</machine>
<machine name="map_36">
	<descriptible>
		<nickname>map_36</nickname>
		<description></description>
		<icon></icon>
		<meta></meta>
	</descriptible>
	<allow>map_36</allow>
	<stream>
		<path>newsound/voice/thirtysix.ogg</path>
		<volume>1.0</volume>
		<pitch>1.0</pitch>
		<fadeintime>0.0</fadeintime>
		<fadeouttime>0.0</fadeouttime>
		<delaybeforefadein>0.0</delaybeforefadein>
		<delaybeforefadeout>0.0</delaybeforefadeout>
		<islooping>0</islooping>
		<isusingpause>0</isusingpause>
	</stream>
</machine>
<machine name="map_37">
	<descriptible>
		<nickname>map_37</nickname>
		<description></description>
		<icon></icon>
		<meta></meta>
	</descriptible>
	<allow>map_37</allow>
	<stream>
		<path>newsound/voice/thirtyseven.ogg</path>
		<volume>1.0</volume>
		<pitch>1.0</pitch>
		<fadeintime>0.0</fadeintime>
		<fadeouttime>0.0</fadeouttime>
		<delaybeforefadein>0.0</delaybeforefadein>
		<delaybeforefadeout>0.0</delaybeforefadeout>
		<islooping>0</islooping>
		<isusingpause>0</isusingpause>
	</stream>
</machine>
<machine name="map_38">
	<descriptible>
		<nickname>map_38</nickname>
		<description></description>
		<icon></icon>
		<meta></meta>
	</descriptible>
	<allow>map_38</allow>
	<stream>
		<path>newsound/voice/thirtyeight.ogg</path>
		<volume>1.0</volume>
		<pitch>1.0</pitch>
		<fadeintime>0.0</fadeintime>
		<fadeouttime>0.0</fadeouttime>
		<delaybeforefadein>0.0</delaybeforefadein>
		<delaybeforefadeout>0.0</delaybeforefadeout>
		<islooping>0</islooping>
		<isusingpause>0</isusingpause>
	</stream>
</machine>
<machine name="map_39">
	<descriptible>
		<nickname>map_39</nickname>
		<description></description>
		<icon></icon>
		<meta></meta>
	</descriptible>
	<allow>map_39</allow>
	<stream>
		<path>newsound/voice/thirtynine.ogg</path>
		<volume>1.0</volume>
		<pitch>1.0</pitch>
		<fadeintime>0.0</fadeintime>
		<fadeouttime>0.0</fadeouttime>
		<delaybeforefadein>0.0</delaybeforefadein>
		<delaybeforefadeout>0.0</delaybeforefadeout>
		<islooping>0</islooping>
		<isusingpause>0</isusingpause>
	</stream>
</machine>
<machine name="map_41">
	<descriptible>
		<nickname>map_41</nickname>
		<description></description>
		<icon></icon>
		<meta></meta>
	</descriptible>
	<allow>map_41</allow>
	<stream>
		<path>newsound/voice/fortyone.ogg</path>
		<volume>1.0</volume>
		<pitch>1.0</pitch>
		<fadeintime>0.0</fadeintime>
		<fadeouttime>0.0</fadeouttime>
		<delaybeforefadein>0.0</delaybeforefadein>
		<delaybeforefadeout>0.0</delaybeforefadeout>
		<islooping>0</islooping>
		<isusingpause>0</isusingpause>
	</stream>
</machine>
<machine name="map_43">
	<descriptible>
		<nickname>map_43</nickname>
		<description></description>
		<icon></icon>
		<meta></meta>
	</descriptible>
	<allow>map_43</allow>
	<stream>
		<path>newsound/voice/fortythree.ogg</path>
		<volume>1.0</volume>
		<pitch>1.0</pitch>
		<fadeintime>0.0</fadeintime>
		<fadeouttime>0.0</fadeouttime>
		<delaybeforefadein>0.0</delaybeforefadein>
		<delaybeforefadeout>0.0</delaybeforefadeout>
		<islooping>0</islooping>
		<isusingpause>0</isusingpause>
	</stream>
</machine>
<machine name="map_44">
	<descriptible>
		<nickname>map_44</nickname>
		<description></description>
		<icon></icon>
		<meta></meta>
	</descriptible>
	<allow>map_44</allow>
	<stream>
		<path>newsound/voice/fourtyfour.ogg</path>
		<volume>1.0</volume>
		<pitch>1.0</pitch>
		<fadeintime>0.0</fadeintime>
		<fadeouttime>0.0</fadeouttime>
		<delaybeforefadein>0.0</delaybeforefadein>
		<delaybeforefadeout>0.0</delaybeforefadeout>
		<islooping>0</islooping>
		<isusingpause>0</isusingpause>
	</stream>
</machine>
<machine name="map_45">
	<descriptible>
		<nickname>map_45</nickname>
		<description></description>
		<icon></icon>
		<meta></meta>
	</descriptible>
	<allow>map_45</allow>
	<stream>
		<path>newsound/voice/fortyfive.ogg</path>
		<volume>1.0</volume>
		<pitch>1.0</pitch>
		<fadeintime>0.0</fadeintime>
		<fadeouttime>0.0</fadeouttime>
		<delaybeforefadein>0.0</delaybeforefadein>
		<delaybeforefadeout>0.0</delaybeforefadeout>
		<islooping>0</islooping>
		<isusingpause>0</isusingpause>
	</stream>
</machine>
<machine name="map_46">
	<descriptible>
		<nickname>map_46</nickname>
		<description></description>
		<icon></icon>
		<meta></meta>
	</descriptible>
	<allow>map_46</allow>
	<stream>
		<path>newsound/voice/fortysix.ogg</path>
		<volume>1.0</volume>
		<pitch>1.0</pitch>
		<fadeintime>0.0</fadeintime>
		<fadeouttime>0.0</fadeouttime>
		<delaybeforefadein>0.0</delaybeforefadein>
		<delaybeforefadeout>0.0</delaybeforefadeout>
		<islooping>0</islooping>
		<isusingpause>0</isusingpause>
	</stream>
</machine>
<machine name="map_47">
	<descriptible>
		<nickname>map_47</nickname>
		<description></description>
		<icon></icon>
		<meta></meta>
	</descriptible>
	<allow>map_47</allow>
	<stream>
		<path>newsound/voice/fortyseven.ogg</path>
		<volume>1.0</volume>
		<pitch>1.0</pitch>
		<fadeintime>0.0</fadeintime>
		<fadeouttime>0.0</fadeouttime>
		<delaybeforefadein>0.0</delaybeforefadein>
		<delaybeforefadeout>0.0</delaybeforefadeout>
		<islooping>0</islooping>
		<isusingpause>0</isusingpause>
	</stream>
</machine>
<machine name="map_48">
	<descriptible>
		<nickname>map_48</nickname>
		<description></description>
		<icon></icon>
		<meta></meta>
	</descriptible>
	<allow>map_48</allow>
	<stream>
		<path>newsound/voice/fortyeight.ogg</path>
		<volume>1.0</volume>
		<pitch>1.0</pitch>
		<fadeintime>0.0</fadeintime>
		<fadeouttime>0.0</fadeouttime>
		<delaybeforefadein>0.0</delaybeforefadein>
		<delaybeforefadeout>0.0</delaybeforefadeout>
		<islooping>0</islooping>
		<isusingpause>0</isusingpause>
	</stream>
</machine>
<machine name="map_49">
	<descriptible>
		<nickname>map_49</nickname>
		<description></description>
		<icon></icon>
		<meta></meta>
	</descriptible>
	<allow>map_49</allow>
	<stream>
		<path>newsound/voice/fortynine.ogg</path>
		<volume>1.0</volume>
		<pitch>1.0</pitch>
		<fadeintime>0.0</fadeintime>
		<fadeouttime>0.0</fadeouttime>
		<delaybeforefadein>0.0</delaybeforefadein>
		<delaybeforefadeout>0.0</delaybeforefadeout>
		<islooping>0</islooping>
		<isusingpause>0</isusingpause>
	</stream>
</machine>
<machine name="map_50">
	<descriptible>
		<nickname>map_50</nickname>
		<description></description>
		<icon></icon>
		<meta></meta>
	</descriptible>
	<allow>map_50</allow>
	<stream>
		<path>newsound/voice/fifty.ogg</path>
		<volume>1.0</volume>
		<pitch>1.0</pitch>
		<fadeintime>0.0</fadeintime>
		<fadeouttime>0.0</fadeouttime>
		<delaybeforefadein>0.0</delaybeforefadein>
		<delaybeforefadeout>0.0</delaybeforefadeout>
		<islooping>0</islooping>
		<isusingpause>0</isusingpause>
	</stream>
</machine>
<machine name="map_51">
	<descriptible>
		<nickname>map_51</nickname>
		<description></description>
		<icon></icon>
		<meta></meta>
	</descriptible>
	<allow>map_51</allow>
	<stream>
		<path>newsound/voice/fiftyone.ogg</path>
		<volume>1.0</volume>
		<pitch>1.0</pitch>
		<fadeintime>0.0</fadeintime>
		<fadeouttime>0.0</fadeouttime>
		<delaybeforefadein>0.0</delaybeforefadein>
		<delaybeforefadeout>0.0</delaybeforefadeout>
		<islooping>0</islooping>
		<isusingpause>0</isusingpause>
	</stream>
</machine>
<machine name="map_52">
	<descriptible>
		<nickname>map_52</nickname>
		<description></description>
		<icon></icon>
		<meta></meta>
	</descriptible>
	<allow>map_52</allow>
	<stream>
		<path>newsound/voice/fiftytwo.ogg</path>
		<volume>1.0</volume>
		<pitch>1.0</pitch>
		<fadeintime>0.0</fadeintime>
		<fadeouttime>0.0</fadeouttime>
		<delaybeforefadein>0.0</delaybeforefadein>
		<delaybeforefadeout>0.0</delaybeforefadeout>
		<islooping>0</islooping>
		<isusingpause>0</isusingpause>
	</stream>
</machine>
<machine name="map_53">
	<descriptible>
		<nickname>map_53</nickname>
		<description></description>
		<icon></icon>
		<meta></meta>
	</descriptible>
	<allow>map_53</allow>
	<stream>
		<path>newsound/voice/fiftythree.ogg</path>
		<volume>1.0</volume>
		<pitch>1.0</pitch>
		<fadeintime>0.0</fadeintime>
		<fadeouttime>0.0</fadeouttime>
		<delaybeforefadein>0.0</delaybeforefadein>
		<delaybeforefadeout>0.0</delaybeforefadeout>
		<islooping>0</islooping>
		<isusingpause>0</isusingpause>
	</stream>
</machine>
</contents>
