{
    "ambientocclusion": false,
    "elements": [
        {   "from": [ 0, 0, 0 ],
            "to": [ 16, 16, 16 ],
            "faces": {
                "down":  { "uv": [16, 0, 0, 16], "texture": "#down" },
                "up":    { "uv": [16, 0, 0, 16], "texture": "#up" },
                "north": { "uv": [16, 0, 0, 16], "texture": "#north" },
                "south": { "uv": [16, 0, 0, 16], "texture": "#south" },
                "west":  { "uv": [16, 0, 0, 16], "texture": "#west" },
                "east":  { "uv": [16, 0, 0, 16], "texture": "#east" }
            }
        }
    ]
}
