{
    "parent": "block/block",
    "ambientocclusion": false,
    "elements": [
        {   "from": [ 0, 0, 0 ],
            "to": [ 16, 16, 16 ],
            "faces": {
                "down":  { "texture": "#down" },
                "up":    { "texture": "#up", "rotation": 180 },
                "north": { "texture": "#north" },
                "south": { "texture": "#south" },
                "west":  { "texture": "#west" },
                "east":  { "texture": "#east" }
            }
        }
    ],
    "textures": {
        "particle": "#side",
        "down": "#end",
        "up": "#end",
        "north": "#side",
        "east": "#side",
        "south": "#side",
        "west": "#side"
    }
}
